{
    "rmse": 0.8048319363253065,
    "mae": 0.6605946808756491,
    "r2": 0.008800860104541952
}